song_id,count,year
416865,15,2005
342791,14,2005
585216,14,2005
236009,14,2005
529965,14,2005
59978,13,2005
610891,12,2005
509638,12,2005
113958,12,2005
303930,11,2005
153569,11,2005
659426,11,2005
402779,11,2005
173943,10,2005
694355,10,2005
685327,10,2005
654757,10,2005
391645,10,2005
367753,10,2005
528414,10,2005
92254,10,2005
622615,10,2005
370044,10,2005
39583,9,2005
651332,9,2005
604735,9,2005
381568,9,2005
166589,9,2005
188789,9,2005
516237,9,2005
171188,9,2005
596508,9,2005
593128,9,2005
1546,9,2005
1236,8,2005
343697,8,2005
679879,8,2005
663471,8,2005
118973,8,2005
263216,8,2005
625933,8,2005
468154,8,2005
325455,8,2005
400017,8,2005
191929,8,2005
113529,8,2005
561778,8,2005
267578,8,2005
648351,8,2005
257277,8,2005
340646,8,2005
448618,8,2005
138295,8,2005
153225,7,2005
424703,7,2005
61029,7,2005
417129,7,2005
350174,7,2005
573950,7,2005
539090,7,2005
346897,7,2005
703389,7,2005
311222,7,2005
392560,7,2005
626700,7,2005
8742,7,2005
368195,7,2005
453652,7,2005
571529,7,2005
414561,6,2005
629575,6,2005
186492,6,2005
174200,6,2005
196161,6,2005
534499,6,2005
61595,6,2005
115304,6,2005
703596,6,2005
86130,6,2005
691353,6,2005
399512,6,2005
83623,6,2005
137299,6,2005
391192,6,2005
274165,6,2005
1425,6,2005
130346,6,2005
495901,6,2005
456474,6,2005
268467,6,2005
106176,6,2005
254595,6,2005
395511,6,2005
444921,6,2005
615668,6,2005
705381,6,2005
390610,6,2005
488735,6,2005
523563,6,2005
579274,6,2005
647925,6,2005
198388,6,2005
158686,6,2005
369019,6,2005
427152,6,2005
344608,6,2005
204866,6,2005
551053,6,2005
564864,6,2005
248552,5,2005
45498,5,2005
687771,5,2005
389208,5,2005
288186,5,2005
70506,5,2005
90632,5,2005
53943,5,2005
429530,5,2005
481669,5,2005
43946,5,2005
259931,5,2005
17562,5,2005
675813,5,2005
441262,5,2005
407082,5,2005
188349,5,2005
687698,5,2005
461829,5,2005
431933,5,2005
253755,5,2005
606607,5,2005
451031,5,2005
649290,5,2005
248401,5,2005
25450,5,2005
276685,5,2005
577544,5,2005
651499,5,2005
347908,5,2005
448698,5,2005
506352,5,2005
66919,5,2005
85116,5,2005
374633,5,2005
594606,5,2005
34898,5,2005
568265,5,2005
350319,5,2005
337091,5,2005
610712,5,2005
538660,5,2005
555561,5,2005
42777,4,2005
200737,4,2005
333343,4,2005
94798,4,2005
355477,4,2005
486179,4,2005
176267,4,2005
698951,4,2005
279532,4,2005
108757,4,2005
372407,4,2005
63701,4,2005
342296,4,2005
674398,4,2005
539108,4,2005
371281,4,2005
527956,4,2005
605602,4,2005
180557,4,2005
554181,4,2005
508739,4,2005
629980,4,2005
476373,4,2005
279590,4,2005
160410,4,2005
211158,4,2005
592260,4,2005
589329,4,2005
131001,4,2005
215007,4,2005
5729,4,2005
237168,4,2005
332082,4,2005
619719,4,2005
411650,4,2005
643315,4,2005
14333,4,2005
652757,4,2005
290622,4,2005
400996,4,2005
465555,4,2005
491754,4,2005
387859,4,2005
635537,4,2005
156520,4,2005
657837,4,2005
362098,4,2005
558207,4,2005
205374,4,2005
559831,4,2005
608815,4,2005
204579,4,2005
669094,4,2005
508212,4,2005
338511,4,2005
360955,4,2005
651633,4,2005
504565,4,2005
643414,4,2005
163468,4,2005
437332,4,2005
180002,4,2005
659880,4,2005
68524,4,2005
561587,4,2005
314344,4,2005
572794,4,2005
339998,4,2005
399431,4,2005
543460,4,2005
401250,4,2005
500817,4,2005
483232,4,2005
476932,4,2005
416408,4,2005
83609,4,2005
654764,4,2005
167550,4,2005
700041,4,2005
291332,4,2005
609031,4,2005
419522,4,2005
205922,4,2005
690761,4,2005
532598,4,2005
578784,4,2005
106990,4,2005
337541,4,2005
491059,4,2005
555946,4,2005
69292,4,2005
184717,4,2005
491473,4,2005
139815,4,2005
545020,4,2005
379251,4,2005
208217,4,2005
27940,4,2005
300533,4,2005
633715,4,2005
549347,4,2005
169830,4,2005
517016,4,2005
579488,4,2005
553486,4,2005
130336,4,2005
477100,4,2005
496811,4,2005
145523,4,2005
700993,3,2005
440573,3,2005
535242,3,2005
218002,3,2005
591461,3,2005
374513,3,2005
176650,3,2005
452249,3,2005
455332,3,2005
38929,3,2005
593912,3,2005
446180,3,2005
288061,3,2005
21336,3,2005
563828,3,2005
207883,3,2005
8456,3,2005
674884,3,2005
80924,3,2005
336036,3,2005
333370,3,2005
215581,3,2005
539027,3,2005
121608,3,2005
378815,3,2005
419890,3,2005
325685,3,2005
162465,3,2005
247663,3,2005
610641,3,2005
397712,3,2005
242650,3,2005
693340,3,2005
696127,3,2005
342550,3,2005
686672,3,2005
652353,3,2005
157387,3,2005
472337,3,2005
143709,3,2005
109132,3,2005
302937,3,2005
459887,3,2005
425660,3,2005
498135,3,2005
8587,3,2005
382413,3,2005
518484,3,2005
160571,3,2005
387871,3,2005
442957,3,2005
397399,3,2005
484030,3,2005
428312,3,2005
271584,3,2005
608081,3,2005
322227,3,2005
545344,3,2005
406372,3,2005
160300,3,2005
571172,3,2005
426772,3,2005
245432,3,2005
130430,3,2005
299086,3,2005
464974,3,2005
203719,3,2005
170544,3,2005
95846,3,2005
332746,3,2005
368565,3,2005
145122,3,2005
219452,3,2005
142213,3,2005
388956,3,2005
304181,3,2005
161278,3,2005
462222,3,2005
373812,3,2005
438261,3,2005
112326,3,2005
279030,3,2005
457205,3,2005
543472,3,2005
289325,3,2005
573441,3,2005
414792,3,2005
596862,3,2005
679807,3,2005
659353,3,2005
473506,3,2005
431551,3,2005
100464,3,2005
164924,3,2005
624803,3,2005
117917,3,2005
642749,3,2005
685312,3,2005
193807,3,2005
349505,3,2005
108077,3,2005
292358,3,2005
278494,3,2005
694110,3,2005
436057,3,2005
567945,3,2005
453304,3,2005
155365,3,2005
463767,3,2005
161812,3,2005
592057,3,2005
462372,3,2005
162509,3,2005
262848,3,2005
133184,3,2005
364829,3,2005
569173,3,2005
293041,3,2005
63049,3,2005
119979,3,2005
438499,3,2005
675004,3,2005
407578,3,2005
637961,3,2005
641814,3,2005
696562,3,2005
142969,3,2005
480045,3,2005
410571,3,2005
177662,3,2005
398667,3,2005
470754,3,2005
369686,3,2005
326955,3,2005
342715,3,2005
490266,3,2005
284916,3,2005
258544,3,2005
212568,3,2005
400934,3,2005
354004,3,2005
486938,3,2005
10464,3,2005
193564,3,2005
674494,3,2005
620928,3,2005
276447,3,2005
363429,3,2005
71385,3,2005
427031,3,2005
357013,3,2005
299213,3,2005
611695,3,2005
326088,3,2005
653935,3,2005
263857,3,2005
560121,3,2005
411870,3,2005
457399,3,2005
423503,3,2005
453428,3,2005
284704,3,2005
267788,3,2005
10710,3,2005
427238,3,2005
175695,3,2005
389116,3,2005
23095,3,2005
98848,3,2005
252673,3,2005
104148,3,2005
243305,3,2005
170974,3,2005
14753,3,2005
162069,3,2005
174448,3,2005
524181,3,2005
249346,3,2005
319820,3,2005
49946,3,2005
499666,3,2005
655761,3,2005
369711,3,2005
448857,3,2005
495078,3,2005
372114,3,2005
604347,3,2005
520461,3,2005
252164,3,2005
255453,3,2005
213942,3,2005
325909,3,2005
400988,3,2005
190509,3,2005
226675,3,2005
128498,3,2005
61757,3,2005
43204,3,2005
376574,3,2005
604182,3,2005
55696,3,2005
702135,3,2005
163995,3,2005
300244,3,2005
182952,3,2005
598386,3,2005
75461,3,2005
547295,3,2005
138831,3,2005
129804,3,2005
562994,3,2005
646574,3,2005
226306,3,2005
665411,3,2005
16349,3,2005
171699,3,2005
5342,3,2005
269384,3,2005
367169,3,2005
565467,3,2005
358818,3,2005
82626,3,2005
141091,3,2005
650851,2,2005
346952,2,2005
343003,2,2005
646052,2,2005
334140,2,2005
385836,2,2005
463916,2,2005
7993,2,2005
392341,2,2005
633958,2,2005
495986,2,2005
1914,2,2005
205101,2,2005
589323,2,2005
402052,2,2005
578413,2,2005
89620,2,2005
173230,2,2005
248074,2,2005
416381,2,2005
143492,2,2005
222763,2,2005
80209,2,2005
606713,2,2005
495266,2,2005
661706,2,2005
491389,2,2005
670319,2,2005
384056,2,2005
9706,2,2005
619556,2,2005
56393,2,2005
102241,2,2005
268270,2,2005
316497,2,2005
421264,2,2005
649035,2,2005
193821,2,2005
270593,2,2005
158153,2,2005
265707,2,2005
15658,2,2005
273170,2,2005
625884,2,2005
490409,2,2005
188999,2,2005
210421,2,2005
555781,2,2005
662282,2,2005
28673,2,2005
119456,2,2005
413574,2,2005
311718,2,2005
521037,2,2005
372217,2,2005
495709,2,2005
272251,2,2005
182264,2,2005
371378,2,2005
266457,2,2005
73007,2,2005
689591,2,2005
173941,2,2005
552093,2,2005
114522,2,2005
356889,2,2005
470321,2,2005
399580,2,2005
238967,2,2005
148129,2,2005
83464,2,2005
370047,2,2005
525472,2,2005
661069,2,2005
682996,2,2005
404913,2,2005
377418,2,2005
222967,2,2005
390803,2,2005
47014,2,2005
309861,2,2005
398804,2,2005
24086,2,2005
620151,2,2005
545007,2,2005
645255,2,2005
623404,2,2005
288772,2,2005
144869,2,2005
520598,2,2005
268903,2,2005
59024,2,2005
623836,2,2005
507437,2,2005
613357,2,2005
28983,2,2005
145712,2,2005
273098,2,2005
701202,2,2005
489355,2,2005
354204,2,2005
646441,2,2005
55614,2,2005
551980,2,2005
556623,2,2005
370785,2,2005
600640,2,2005
40713,2,2005
155281,2,2005
195,2,2005
121649,2,2005
60161,2,2005
198244,2,2005
199546,2,2005
513567,2,2005
357479,2,2005
183467,2,2005
423526,2,2005
235458,2,2005
68745,2,2005
672973,2,2005
662758,2,2005
202504,2,2005
664191,2,2005
86977,2,2005
63543,2,2005
283351,2,2005
345737,2,2005
668902,2,2005
358209,2,2005
625494,2,2005
608318,2,2005
352114,2,2005
305201,2,2005
588978,2,2005
580103,2,2005
378726,2,2005
43598,2,2005
216795,2,2005
58778,2,2005
290573,2,2005
529888,2,2005
93499,2,2005
467615,2,2005
351197,2,2005
257880,2,2005
528823,2,2005
416628,2,2005
300972,2,2005
504154,2,2005
607844,2,2005
603606,2,2005
434911,2,2005
204380,2,2005
329566,2,2005
463177,2,2005
392708,2,2005
48717,2,2005
663763,2,2005
71947,2,2005
223439,2,2005
172732,2,2005
42039,2,2005
296140,2,2005
356971,2,2005
464598,2,2005
668430,2,2005
620520,2,2005
657625,2,2005
401053,2,2005
443413,2,2005
622997,2,2005
180332,2,2005
321034,2,2005
554617,2,2005
473046,2,2005
650689,2,2005
284179,2,2005
424140,2,2005
219025,2,2005
294215,2,2005
180446,2,2005
457500,2,2005
586330,2,2005
699133,2,2005
156549,2,2005
334751,2,2005
27881,2,2005
405849,2,2005
523102,2,2005
70704,2,2005
448512,2,2005
607380,2,2005
290899,2,2005
504537,2,2005
319693,2,2005
445109,2,2005
691369,2,2005
20312,2,2005
172157,2,2005
332840,2,2005
379841,2,2005
410667,2,2005
652825,2,2005
70662,2,2005
461824,2,2005
355730,2,2005
307961,2,2005
108545,2,2005
57304,2,2005
657416,2,2005
435470,2,2005
284352,2,2005
18368,2,2005
465184,2,2005
485795,2,2005
617473,2,2005
441049,2,2005
336170,2,2005
539400,2,2005
105603,2,2005
581988,2,2005
10087,2,2005
220429,2,2005
688575,2,2005
450701,2,2005
283993,2,2005
454331,2,2005
564092,2,2005
148917,2,2005
65663,2,2005
520676,2,2005
440831,2,2005
294344,2,2005
557837,2,2005
38832,2,2005
647369,2,2005
520534,2,2005
132247,2,2005
670888,2,2005
533739,2,2005
112126,2,2005
113326,2,2005
379550,2,2005
443302,2,2005
435522,2,2005
586001,2,2005
668270,2,2005
116864,2,2005
115249,2,2005
13937,2,2005
22247,2,2005
63461,2,2005
706593,2,2005
355541,2,2005
295571,2,2005
183949,2,2005
73880,2,2005
624004,2,2005
130543,2,2005
249929,2,2005
117097,2,2005
594327,2,2005
131192,2,2005
284771,2,2005
379913,2,2005
559796,2,2005
368860,2,2005
373037,2,2005
257199,2,2005
297050,2,2005
343992,2,2005
581540,2,2005
596650,2,2005
437614,2,2005
443610,2,2005
445290,2,2005
248975,2,2005
113798,2,2005
190047,2,2005
270129,2,2005
126745,2,2005
663347,2,2005
87158,2,2005
126766,2,2005
247768,2,2005
152809,2,2005
40555,2,2005
298810,2,2005
172054,2,2005
441610,2,2005
60584,2,2005
74187,2,2005
244096,2,2005
621334,2,2005
161229,2,2005
459221,2,2005
599865,2,2005
187200,2,2005
164823,2,2005
194236,2,2005
673261,2,2005
317206,2,2005
395991,2,2005
315294,2,2005
254496,2,2005
552540,2,2005
626018,2,2005
315317,2,2005
172290,2,2005
701230,2,2005
393654,2,2005
504151,2,2005
303042,2,2005
52875,2,2005
281928,2,2005
522392,2,2005
306425,2,2005
201283,2,2005
277304,2,2005
324436,2,2005
135346,2,2005
677074,2,2005
354734,2,2005
569136,2,2005
583532,2,2005
462838,2,2005
39434,2,2005
528743,2,2005
105845,2,2005
320204,2,2005
474751,2,2005
697522,2,2005
287976,2,2005
54421,2,2005
346007,2,2005
705965,2,2005
493799,2,2005
460897,2,2005
175293,2,2005
146829,2,2005
236224,2,2005
146323,2,2005
594893,2,2005
295124,2,2005
108870,2,2005
505710,2,2005
582849,2,2005
169143,2,2005
651321,2,2005
280915,2,2005
465460,2,2005
230907,2,2005
423647,2,2005
293241,2,2005
43399,2,2005
323899,2,2005
567489,2,2005
65147,2,2005
597379,2,2005
281870,2,2005
225942,2,2005
80225,2,2005
401310,2,2005
373206,2,2005
27387,2,2005
309690,2,2005
452909,2,2005
378998,2,2005
370726,2,2005
92795,2,2005
590157,2,2005
14784,2,2005
633303,2,2005
664885,2,2005
450213,2,2005
452316,2,2005
399302,2,2005
641220,2,2005
609831,2,2005
311262,2,2005
661406,2,2005
287098,2,2005
86627,2,2005
518028,2,2005
140011,2,2005
219286,2,2005
79992,2,2005
104703,2,2005
166665,2,2005
37298,2,2005
175465,2,2005
191828,2,2005
426373,2,2005
7912,2,2005
122836,2,2005
619695,2,2005
240604,2,2005
17380,2,2005
705320,2,2005
489465,2,2005
306283,2,2005
207230,2,2005
148205,2,2005
557613,2,2005
95028,2,2005
102784,2,2005
207485,2,2005
292893,2,2005
371487,2,2005
627189,2,2005
367650,2,2005
151812,2,2005
201497,2,2005
703782,2,2005
442368,2,2005
452432,2,2005
97947,2,2005
336167,2,2005
502594,2,2005
637787,2,2005
657128,2,2005
150714,2,2005
408232,2,2005
62224,2,2005
409047,2,2005
143956,2,2005
701561,2,2005
498190,2,2005
10083,2,2005
158590,2,2005
247578,2,2005
441843,2,2005
282995,2,2005
689455,2,2005
108982,2,2005
661519,2,2005
312042,2,2005
345745,2,2005
676470,2,2005
166816,2,2005
210132,2,2005
58901,2,2005
231462,2,2005
348653,2,2005
504216,2,2005
439324,2,2005
617090,2,2005
419584,2,2005
649985,2,2005
243568,2,2005
570360,2,2005
90465,2,2005
115425,2,2005
82513,2,2005
405571,2,2005
260107,2,2005
62607,2,2005
626919,2,2005
635101,2,2005
305372,2,2005
49618,2,2005
554366,2,2005
81054,2,2005
26820,2,2005
318512,2,2005
131405,2,2005
238505,2,2005
86654,2,2005
260033,2,2005
40442,2,2005
215333,2,2005
371788,2,2005
633798,2,2005
632581,2,2005
311837,2,2005
515514,2,2005
447336,2,2005
651911,2,2005
113038,2,2005
690307,2,2005
706435,2,2005
663380,2,2005
500187,2,2005
523939,2,2005
658426,2,2005
78145,2,2005
22811,2,2005
374850,2,2005
391456,2,2005
677193,2,2005
294989,2,2005
650367,2,2005
128624,2,2005
672332,2,2005
395116,2,2005
604650,2,2005
22029,2,2005
126325,2,2005
51782,2,2005
60725,2,2005
363198,2,2005
686825,2,2005
604786,2,2005
608617,2,2005
387655,2,2005
109846,2,2005
351815,2,2005
86878,2,2005
620730,2,2005
60556,2,2005
501531,2,2005
16083,2,2005
546858,2,2005
524213,2,2005
41892,2,2005
352360,2,2005
418859,2,2005
601688,2,2005
325335,2,2005
237656,2,2005
310135,2,2005
578143,1,2005
8944,1,2005
421789,1,2005
467132,1,2005
641805,1,2005
263961,1,2005
263419,1,2005
81605,1,2005
103332,1,2005
544547,1,2005
549050,1,2005
542396,1,2005
582118,1,2005
686219,1,2005
564131,1,2005
189231,1,2005
532315,1,2005
478538,1,2005
143708,1,2005
482038,1,2005
648872,1,2005
28780,1,2005
596545,1,2005
428638,1,2005
76515,1,2005
570361,1,2005
319329,1,2005
661072,1,2005
566966,1,2005
32266,1,2005
194612,1,2005
679881,1,2005
586178,1,2005
79994,1,2005
580344,1,2005
105188,1,2005
335407,1,2005
501161,1,2005
496360,1,2005
176268,1,2005
116168,1,2005
352313,1,2005
2559,1,2005
145603,1,2005
244928,1,2005
21913,1,2005
134531,1,2005
220516,1,2005
274690,1,2005
521819,1,2005
568174,1,2005
312026,1,2005
30155,1,2005
238661,1,2005
167916,1,2005
444329,1,2005
623383,1,2005
584683,1,2005
139806,1,2005
199587,1,2005
406040,1,2005
471445,1,2005
480571,1,2005
110209,1,2005
548582,1,2005
248691,1,2005
50404,1,2005
367011,1,2005
140357,1,2005
290948,1,2005
389252,1,2005
322348,1,2005
111995,1,2005
107276,1,2005
451704,1,2005
100033,1,2005
73224,1,2005
542535,1,2005
598270,1,2005
541674,1,2005
38642,1,2005
417469,1,2005
450981,1,2005
170176,1,2005
126434,1,2005
152886,1,2005
400741,1,2005
205669,1,2005
174974,1,2005
170972,1,2005
128775,1,2005
63920,1,2005
170811,1,2005
603780,1,2005
393048,1,2005
468267,1,2005
187474,1,2005
523576,1,2005
26534,1,2005
216959,1,2005
106953,1,2005
466425,1,2005
87497,1,2005
509474,1,2005
247952,1,2005
590941,1,2005
315655,1,2005
361391,1,2005
598685,1,2005
491376,1,2005
290663,1,2005
493450,1,2005
638966,1,2005
596521,1,2005
583613,1,2005
276721,1,2005
145549,1,2005
13273,1,2005
93333,1,2005
172566,1,2005
248492,1,2005
365338,1,2005
118443,1,2005
302125,1,2005
4093,1,2005
215935,1,2005
331876,1,2005
480015,1,2005
540699,1,2005
127356,1,2005
17020,1,2005
186039,1,2005
385467,1,2005
511461,1,2005
151361,1,2005
93171,1,2005
211534,1,2005
252885,1,2005
408814,1,2005
362359,1,2005
100897,1,2005
384855,1,2005
380885,1,2005
149151,1,2005
329457,1,2005
477569,1,2005
141292,1,2005
294693,1,2005
368968,1,2005
552773,1,2005
532771,1,2005
431193,1,2005
701240,1,2005
655684,1,2005
220444,1,2005
455627,1,2005
56169,1,2005
567947,1,2005
701515,1,2005
108402,1,2005
367975,1,2005
331121,1,2005
253211,1,2005
355776,1,2005
666123,1,2005
248140,1,2005
110556,1,2005
593166,1,2005
286046,1,2005
473760,1,2005
332012,1,2005
439961,1,2005
679595,1,2005
707931,1,2005
594088,1,2005
594068,1,2005
135074,1,2005
351717,1,2005
387136,1,2005
101238,1,2005
371691,1,2005
669903,1,2005
4921,1,2005
198706,1,2005
513292,1,2005
526755,1,2005
437637,1,2005
520757,1,2005
361434,1,2005
536794,1,2005
267159,1,2005
20690,1,2005
440474,1,2005
36077,1,2005
568428,1,2005
654184,1,2005
105672,1,2005
160202,1,2005
686387,1,2005
635991,1,2005
35280,1,2005
217116,1,2005
89068,1,2005
115936,1,2005
33109,1,2005
507040,1,2005
285665,1,2005
210350,1,2005
25743,1,2005
104853,1,2005
605621,1,2005
472495,1,2005
543722,1,2005
128390,1,2005
585244,1,2005
702106,1,2005
269811,1,2005
300764,1,2005
561095,1,2005
444069,1,2005
258060,1,2005
166079,1,2005
331673,1,2005
617689,1,2005
585311,1,2005
144127,1,2005
124726,1,2005
499708,1,2005
199309,1,2005
331350,1,2005
380990,1,2005
256660,1,2005
565278,1,2005
300444,1,2005
194567,1,2005
73996,1,2005
563715,1,2005
205442,1,2005
61954,1,2005
228240,1,2005
95063,1,2005
9306,1,2005
16145,1,2005
176431,1,2005
696010,1,2005
673657,1,2005
157510,1,2005
231290,1,2005
596567,1,2005
404101,1,2005
442104,1,2005
607992,1,2005
95104,1,2005
449773,1,2005
62630,1,2005
418278,1,2005
525998,1,2005
590055,1,2005
151489,1,2005
322625,1,2005
136851,1,2005
250491,1,2005
162867,1,2005
652261,1,2005
591998,1,2005
124948,1,2005
599898,1,2005
392501,1,2005
217148,1,2005
158763,1,2005
224139,1,2005
140115,1,2005
51286,1,2005
465260,1,2005
293432,1,2005
262202,1,2005
527771,1,2005
587401,1,2005
637761,1,2005
660164,1,2005
402624,1,2005
551058,1,2005
343015,1,2005
487023,1,2005
290351,1,2005
506080,1,2005
82424,1,2005
303648,1,2005
121108,1,2005
583036,1,2005
251429,1,2005
57388,1,2005
497154,1,2005
46524,1,2005
448345,1,2005
451401,1,2005
501940,1,2005
107570,1,2005
86159,1,2005
271752,1,2005
135782,1,2005
293397,1,2005
590355,1,2005
391394,1,2005
198549,1,2005
286110,1,2005
583769,1,2005
417352,1,2005
435392,1,2005
250641,1,2005
180411,1,2005
271234,1,2005
144881,1,2005
609732,1,2005
361335,1,2005
50629,1,2005
455292,1,2005
627571,1,2005
439454,1,2005
483162,1,2005
482242,1,2005
295520,1,2005
537808,1,2005
81862,1,2005
571352,1,2005
695452,1,2005
255323,1,2005
656195,1,2005
357238,1,2005
470374,1,2005
83732,1,2005
192106,1,2005
410539,1,2005
547483,1,2005
457110,1,2005
400308,1,2005
41183,1,2005
150094,1,2005
137268,1,2005
467248,1,2005
48415,1,2005
506254,1,2005
478288,1,2005
219376,1,2005
181570,1,2005
461413,1,2005
336421,1,2005
185128,1,2005
324208,1,2005
466390,1,2005
350932,1,2005
227735,1,2005
329084,1,2005
77173,1,2005
429600,1,2005
161744,1,2005
83899,1,2005
435836,1,2005
541177,1,2005
334861,1,2005
80027,1,2005
320956,1,2005
419805,1,2005
157900,1,2005
367598,1,2005
409481,1,2005
120934,1,2005
266260,1,2005
365772,1,2005
392449,1,2005
70405,1,2005
540123,1,2005
689916,1,2005
183589,1,2005
446552,1,2005
246548,1,2005
38581,1,2005
435526,1,2005
392420,1,2005
345701,1,2005
34074,1,2005
300973,1,2005
159117,1,2005
701891,1,2005
304331,1,2005
578529,1,2005
130804,1,2005
490450,1,2005
94604,1,2005
288874,1,2005
306082,1,2005
591246,1,2005
101581,1,2005
62226,1,2005
320530,1,2005
198001,1,2005
478112,1,2005
161662,1,2005
351521,1,2005
12618,1,2005
36643,1,2005
159218,1,2005
620897,1,2005
65932,1,2005
622246,1,2005
586986,1,2005
156928,1,2005
275179,1,2005
421324,1,2005
440216,1,2005
239837,1,2005
203737,1,2005
517532,1,2005
395669,1,2005
155516,1,2005
58382,1,2005
93637,1,2005
600513,1,2005
450152,1,2005
315611,1,2005
418944,1,2005
136278,1,2005
372393,1,2005
217566,1,2005
280975,1,2005
621049,1,2005
527265,1,2005
140369,1,2005
439183,1,2005
215950,1,2005
88530,1,2005
613468,1,2005
126170,1,2005
514470,1,2005
232586,1,2005
80337,1,2005
356710,1,2005
698698,1,2005
680195,1,2005
656789,1,2005
106393,1,2005
626053,1,2005
584191,1,2005
603913,1,2005
522270,1,2005
443483,1,2005
91870,1,2005
283826,1,2005
403916,1,2005
631455,1,2005
670411,1,2005
458078,1,2005
422749,1,2005
645572,1,2005
394452,1,2005
405687,1,2005
524712,1,2005
201814,1,2005
154736,1,2005
398868,1,2005
649075,1,2005
312624,1,2005
626072,1,2005
247254,1,2005
507996,1,2005
85634,1,2005
162515,1,2005
607074,1,2005
238499,1,2005
363165,1,2005
675128,1,2005
261410,1,2005
185265,1,2005
198200,1,2005
36046,1,2005
696481,1,2005
393374,1,2005
574104,1,2005
648244,1,2005
103779,1,2005
405739,1,2005
19922,1,2005
511615,1,2005
362888,1,2005
303229,1,2005
549789,1,2005
635386,1,2005
55525,1,2005
668411,1,2005
330826,1,2005
310375,1,2005
260889,1,2005
660286,1,2005
114558,1,2005
614258,1,2005
22845,1,2005
84555,1,2005
132811,1,2005
491752,1,2005
666999,1,2005
393784,1,2005
484435,1,2005
409129,1,2005
621696,1,2005
126814,1,2005
264936,1,2005
617497,1,2005
550823,1,2005
30361,1,2005
672975,1,2005
268723,1,2005
129264,1,2005
367594,1,2005
541064,1,2005
704025,1,2005
188988,1,2005
98271,1,2005
40292,1,2005
662442,1,2005
81447,1,2005
140273,1,2005
406814,1,2005
508413,1,2005
62561,1,2005
707305,1,2005
291726,1,2005
425835,1,2005
365079,1,2005
129018,1,2005
675424,1,2005
215280,1,2005
108555,1,2005
684401,1,2005
691203,1,2005
283619,1,2005
684878,1,2005
552271,1,2005
85502,1,2005
232248,1,2005
554026,1,2005
2859,1,2005
534390,1,2005
182991,1,2005
82772,1,2005
641943,1,2005
124556,1,2005
386679,1,2005
234039,1,2005
415635,1,2005
168361,1,2005
659957,1,2005
665627,1,2005
525799,1,2005
534397,1,2005
98740,1,2005
170206,1,2005
367358,1,2005
133071,1,2005
543176,1,2005
51743,1,2005
502079,1,2005
405031,1,2005
180170,1,2005
370480,1,2005
370057,1,2005
209625,1,2005
199472,1,2005
68296,1,2005
490333,1,2005
243805,1,2005
622058,1,2005
50678,1,2005
70837,1,2005
126225,1,2005
152650,1,2005
369230,1,2005
699427,1,2005
259603,1,2005
8741,1,2005
206145,1,2005
75624,1,2005
459169,1,2005
562502,1,2005
649566,1,2005
641985,1,2005
291525,1,2005
498788,1,2005
204443,1,2005
319944,1,2005
150107,1,2005
439112,1,2005
211471,1,2005
273980,1,2005
150525,1,2005
701606,1,2005
127081,1,2005
199955,1,2005
410717,1,2005
439871,1,2005
215387,1,2005
389940,1,2005
587291,1,2005
677525,1,2005
404219,1,2005
377018,1,2005
582588,1,2005
37036,1,2005
149205,1,2005
511004,1,2005
54876,1,2005
238849,1,2005
148981,1,2005
432249,1,2005
391780,1,2005
367834,1,2005
684317,1,2005
27836,1,2005
256419,1,2005
655411,1,2005
119248,1,2005
365898,1,2005
447555,1,2005
188972,1,2005
236572,1,2005
687699,1,2005
39159,1,2005
423908,1,2005
304884,1,2005
81742,1,2005
98021,1,2005
469939,1,2005
636104,1,2005
467164,1,2005
565264,1,2005
559745,1,2005
453202,1,2005
233924,1,2005
225498,1,2005
368727,1,2005
171669,1,2005
351496,1,2005
607313,1,2005
668485,1,2005
136463,1,2005
98170,1,2005
666054,1,2005
364319,1,2005
491982,1,2005
647415,1,2005
119487,1,2005
160552,1,2005
156599,1,2005
278609,1,2005
22273,1,2005
466026,1,2005
146215,1,2005
35254,1,2005
182043,1,2005
565641,1,2005
87807,1,2005
64193,1,2005
129411,1,2005
364367,1,2005
59217,1,2005
140755,1,2005
603184,1,2005
227232,1,2005
280771,1,2005
98592,1,2005
126314,1,2005
455037,1,2005
200942,1,2005
2063,1,2005
225225,1,2005
227818,1,2005
126614,1,2005
321059,1,2005
533926,1,2005
418689,1,2005
464420,1,2005
36249,1,2005
528409,1,2005
108010,1,2005
560827,1,2005
676078,1,2005
516797,1,2005
42493,1,2005
453352,1,2005
386343,1,2005
212852,1,2005
619156,1,2005
12202,1,2005
73319,1,2005
568358,1,2005
436669,1,2005
636780,1,2005
567549,1,2005
517263,1,2005
685132,1,2005
442352,1,2005
112400,1,2005
8257,1,2005
554519,1,2005
586797,1,2005
536850,1,2005
86872,1,2005
431005,1,2005
116517,1,2005
147129,1,2005
350954,1,2005
82473,1,2005
351715,1,2005
396766,1,2005
45643,1,2005
681029,1,2005
304205,1,2005
322928,1,2005
347553,1,2005
501751,1,2005
181410,1,2005
238912,1,2005
461815,1,2005
683595,1,2005
222835,1,2005
99306,1,2005
507060,1,2005
530504,1,2005
675565,1,2005
269540,1,2005
13317,1,2005
558183,1,2005
120423,1,2005
162403,1,2005
217217,1,2005
465905,1,2005
1054,1,2005
360882,1,2005
260366,1,2005
663474,1,2005
227267,1,2005
500923,1,2005
661453,1,2005
62841,1,2005
452397,1,2005
355119,1,2005
274958,1,2005
452171,1,2005
175230,1,2005
56489,1,2005
592923,1,2005
589877,1,2005
214102,1,2005
453270,1,2005
566176,1,2005
526949,1,2005
218039,1,2005
586502,1,2005
503498,1,2005
226670,1,2005
706985,1,2005
609666,1,2005
658610,1,2005
698340,1,2005
629072,1,2005
274608,1,2005
606936,1,2005
176489,1,2005
195300,1,2005
43360,1,2005
8116,1,2005
5725,1,2005
267722,1,2005
280804,1,2005
69955,1,2005
398909,1,2005
214449,1,2005
308185,1,2005
323621,1,2005
330050,1,2005
535041,1,2005
548280,1,2005
135365,1,2005
123617,1,2005
59319,1,2005
78070,1,2005
303615,1,2005
103089,1,2005
331278,1,2005
572657,1,2005
461574,1,2005
96243,1,2005
657727,1,2005
422125,1,2005
453577,1,2005
700695,1,2005
346481,1,2005
65241,1,2005
525655,1,2005
151421,1,2005
495997,1,2005
640926,1,2005
468172,1,2005
35591,1,2005
247593,1,2005
305890,1,2005
134587,1,2005
282156,1,2005
274271,1,2005
324132,1,2005
48141,1,2005
286106,1,2005
678874,1,2005
174570,1,2005
537652,1,2005
436663,1,2005
690195,1,2005
479728,1,2005
568677,1,2005
236956,1,2005
247879,1,2005
619967,1,2005
208645,1,2005
558943,1,2005
318290,1,2005
253237,1,2005
520188,1,2005
409044,1,2005
561464,1,2005
461503,1,2005
422775,1,2005
654965,1,2005
683399,1,2005
369878,1,2005
129791,1,2005
409094,1,2005
629096,1,2005
37828,1,2005
97067,1,2005
78186,1,2005
265600,1,2005
75195,1,2005
658080,1,2005
551409,1,2005
672301,1,2005
156053,1,2005
647844,1,2005
604533,1,2005
585446,1,2005
337802,1,2005
410071,1,2005
209978,1,2005
154921,1,2005
34725,1,2005
526577,1,2005
233002,1,2005
470551,1,2005
183171,1,2005
76460,1,2005
599068,1,2005
37956,1,2005
82782,1,2005
515765,1,2005
444578,1,2005
257128,1,2005
357496,1,2005
368258,1,2005
147575,1,2005
129011,1,2005
188415,1,2005
105364,1,2005
139150,1,2005
216568,1,2005
389587,1,2005
275438,1,2005
501428,1,2005
213655,1,2005
257450,1,2005
655712,1,2005
613003,1,2005
48677,1,2005
8238,1,2005
530906,1,2005
462954,1,2005
262381,1,2005
402784,1,2005
556832,1,2005
68982,1,2005
465328,1,2005
304160,1,2005
458279,1,2005
78732,1,2005
591013,1,2005
616384,1,2005
551780,1,2005
661240,1,2005
450374,1,2005
259669,1,2005
65232,1,2005
232392,1,2005
138351,1,2005
386020,1,2005
128870,1,2005
685988,1,2005
24958,1,2005
251287,1,2005
343775,1,2005
672033,1,2005
278202,1,2005
171219,1,2005
111602,1,2005
276921,1,2005
460030,1,2005
436929,1,2005
348407,1,2005
568368,1,2005
351697,1,2005
23099,1,2005
564916,1,2005
663031,1,2005
631266,1,2005
4560,1,2005
416024,1,2005
82293,1,2005
402594,1,2005
618315,1,2005
103396,1,2005
81935,1,2005
31842,1,2005
144118,1,2005
179612,1,2005
246142,1,2005
200813,1,2005
278419,1,2005
323827,1,2005
189887,1,2005
114697,1,2005
655636,1,2005
479584,1,2005
511941,1,2005
626978,1,2005
261524,1,2005
452413,1,2005
276776,1,2005
407519,1,2005
523186,1,2005
684775,1,2005
670936,1,2005
187389,1,2005
142344,1,2005
502555,1,2005
148888,1,2005
284735,1,2005
635753,1,2005
658393,1,2005
547138,1,2005
341684,1,2005
75060,1,2005
296788,1,2005
289113,1,2005
17229,1,2005
385209,1,2005
473913,1,2005
550271,1,2005
523414,1,2005
16214,1,2005
695050,1,2005
309992,1,2005
219066,1,2005
156881,1,2005
262622,1,2005
428598,1,2005
250338,1,2005
588861,1,2005
96962,1,2005
148881,1,2005
425066,1,2005
244077,1,2005
307929,1,2005
264746,1,2005
515325,1,2005
571842,1,2005
82059,1,2005
50437,1,2005
498914,1,2005
253283,1,2005
615121,1,2005
215359,1,2005
124583,1,2005
638062,1,2005
643166,1,2005
76111,1,2005
600748,1,2005
524008,1,2005
14225,1,2005
628266,1,2005
421043,1,2005
275670,1,2005
402067,1,2005
64895,1,2005
82330,1,2005
258013,1,2005
656399,1,2005
121260,1,2005
350771,1,2005
170378,1,2005
508725,1,2005
31164,1,2005
252153,1,2005
649742,1,2005
487177,1,2005
40004,1,2005
114284,1,2005
347184,1,2005
143482,1,2005
576954,1,2005
294601,1,2005
497648,1,2005
530155,1,2005
456453,1,2005
685290,1,2005
632254,1,2005
174710,1,2005
78113,1,2005
517980,1,2005
245968,1,2005
37515,1,2005
543250,1,2005
618847,1,2005
571432,1,2005
377157,1,2005
562572,1,2005
80349,1,2005
550387,1,2005
200789,1,2005
468121,1,2005
86095,1,2005
452849,1,2005
128007,1,2005
313079,1,2005
656016,1,2005
488558,1,2005
367763,1,2005
38460,1,2005
368205,1,2005
333407,1,2005
415499,1,2005
406352,1,2005
122313,1,2005
268464,1,2005
169882,1,2005
256517,1,2005
535615,1,2005
208729,1,2005
127840,1,2005
28897,1,2005
11251,1,2005
431335,1,2005
32414,1,2005
577393,1,2005
680249,1,2005
164371,1,2005
394213,1,2005
328230,1,2005
108865,1,2005
248147,1,2005
76483,1,2005
396589,1,2005
573633,1,2005
299743,1,2005
628226,1,2005
331775,1,2005
320722,1,2005
509453,1,2005
578240,1,2005
59382,1,2005
188719,1,2005
553884,1,2005
648537,1,2005
410695,1,2005
582653,1,2005
20987,1,2005
471835,1,2005
578812,1,2005
495473,1,2005
595497,1,2005
541006,1,2005
492350,1,2005
347388,1,2005
26545,1,2005
560194,1,2005
76177,1,2005
372190,1,2005
488150,1,2005
675635,1,2005
39625,1,2005
676443,1,2005
511230,1,2005
555759,1,2005
601309,1,2005
212608,1,2005
504551,1,2005
687212,1,2005
389839,1,2005
335422,1,2005
201810,1,2005
577353,1,2005
354395,1,2005
279082,1,2005
670490,1,2005
664685,1,2005
535,1,2005
476905,1,2005
212304,1,2005
35678,1,2005
452090,1,2005
18819,1,2005
465874,1,2005
372715,1,2005
225228,1,2005
417971,1,2005
343806,1,2005
564921,1,2005
220723,1,2005
325998,1,2005
527269,1,2005
355420,1,2005
496765,1,2005
130450,1,2005
279337,1,2005
353860,1,2005
111536,1,2005
157953,1,2005
683888,1,2005
617624,1,2005
653887,1,2005
696101,1,2005
129383,1,2005
259890,1,2005
122516,1,2005
283275,1,2005
282526,1,2005
531209,1,2005
97702,1,2005
412880,1,2005
132976,1,2005
127343,1,2005
19030,1,2005
457911,1,2005
146266,1,2005
335285,1,2005
430707,1,2005
615275,1,2005
560144,1,2005
190226,1,2005
265318,1,2005
228860,1,2005
323732,1,2005
689593,1,2005
352622,1,2005
665559,1,2005
73029,1,2005
653460,1,2005
322283,1,2005
330547,1,2005
11624,1,2005
288602,1,2005
618487,1,2005
424795,1,2005
457131,1,2005
326300,1,2005
10852,1,2005
14276,1,2005
38710,1,2005
56499,1,2005
564612,1,2005
675553,1,2005
438424,1,2005
44933,1,2005
48144,1,2005
86025,1,2005
614696,1,2005
447184,1,2005
186588,1,2005
207972,1,2005
455833,1,2005
498404,1,2005
67503,1,2005
385139,1,2005
253369,1,2005
453347,1,2005
644372,1,2005
539151,1,2005
266424,1,2005
133419,1,2005
10092,1,2005
192972,1,2005
229504,1,2005
674572,1,2005
588620,1,2005
59803,1,2005
368855,1,2005
92965,1,2005
698324,1,2005
356481,1,2005
446816,1,2005
217032,1,2005
418161,1,2005
21527,1,2005
143066,1,2005
453828,1,2005
686548,1,2005
111559,1,2005
127475,1,2005
199542,1,2005
675074,1,2005
693402,1,2005
231308,1,2005
41675,1,2005
377609,1,2005
582202,1,2005
507974,1,2005
589031,1,2005
516444,1,2005
325857,1,2005
223521,1,2005
543646,1,2005
472946,1,2005
171039,1,2005
605231,1,2005
211048,1,2005
140834,1,2005
163881,1,2005
361369,1,2005
207699,1,2005
146232,1,2005
471195,1,2005
687237,1,2005
429164,1,2005
379837,1,2005
457304,1,2005
338917,1,2005
624710,1,2005
644739,1,2005
385543,1,2005
146788,1,2005
414013,1,2005
700776,1,2005
436134,1,2005
115684,1,2005
563645,1,2005
694781,1,2005
472549,1,2005
704447,1,2005
303852,1,2005
158021,1,2005
102464,1,2005
317061,1,2005
368499,1,2005
272982,1,2005
33244,1,2005
681877,1,2005
226425,1,2005
461690,1,2005
679534,1,2005
114469,1,2005
280506,1,2005
514912,1,2005
701068,1,2005
687366,1,2005
639196,1,2005
453923,1,2005
35701,1,2005
166705,1,2005
404227,1,2005
620111,1,2005
635468,1,2005
700699,1,2005
230213,1,2005
570033,1,2005
276176,1,2005
433056,1,2005
234342,1,2005
705391,1,2005
546215,1,2005
516461,1,2005
483366,1,2005
212527,1,2005
121770,1,2005
402629,1,2005
497994,1,2005
582980,1,2005
16039,1,2005
288165,1,2005
135928,1,2005
122817,1,2005
201926,1,2005
315806,1,2005
148130,1,2005
552133,1,2005
495538,1,2005
203615,1,2005
434334,1,2005
629882,1,2005
421326,1,2005
665349,1,2005
609977,1,2005
531390,1,2005
697325,1,2005
75923,1,2005
71979,1,2005
406411,1,2005
235310,1,2005
141331,1,2005
308510,1,2005
170261,1,2005
356874,1,2005
231198,1,2005
179362,1,2005
519504,1,2005
637781,1,2005
328015,1,2005
400927,1,2005
439598,1,2005
375908,1,2005
275430,1,2005
470422,1,2005
448196,1,2005
267135,1,2005
532963,1,2005
316577,1,2005
157957,1,2005
652273,1,2005
201563,1,2005
238490,1,2005
535655,1,2005
194265,1,2005
693124,1,2005
637774,1,2005
656822,1,2005
233546,1,2005
653281,1,2005
205048,1,2005
536966,1,2005
482231,1,2005
293593,1,2005
680756,1,2005
569717,1,2005
518734,1,2005
12762,1,2005
317530,1,2005
100063,1,2005
4107,1,2005
701555,1,2005
446814,1,2005
119106,1,2005
103076,1,2005
11926,1,2005
283914,1,2005
87435,1,2005
418372,1,2005
367187,1,2005
375302,1,2005
167110,1,2005
567187,1,2005
20214,1,2005
325514,1,2005
680672,1,2005
630950,1,2005
167004,1,2005
428240,1,2005
674800,1,2005
318250,1,2005
43171,1,2005
561299,1,2005
661130,1,2005
289611,1,2005
123222,1,2005
604587,1,2005
176316,1,2005
366958,1,2005
426504,1,2005
703129,1,2005
310907,1,2005
374682,1,2005
602621,1,2005
678066,1,2005
634027,1,2005
2258,1,2005
278072,1,2005
96685,1,2005
344081,1,2005
574021,1,2005
698833,1,2005
280374,1,2005
68874,1,2005
171678,1,2005
20587,1,2005
563544,1,2005
535613,1,2005
1899,1,2005
397935,1,2005
488844,1,2005
239646,1,2005
214372,1,2005
568089,1,2005
502910,1,2005
201301,1,2005
198233,1,2005
624338,1,2005
273658,1,2005
287629,1,2005
313400,1,2005
503659,1,2005
412691,1,2005
290163,1,2005
683738,1,2005
24908,1,2005
135037,1,2005
247722,1,2005
455155,1,2005
427101,1,2005
79632,1,2005
443113,1,2005
644459,1,2005
189426,1,2005
682839,1,2005
481480,1,2005
121309,1,2005
31394,1,2005
705189,1,2005
100532,1,2005
457905,1,2005
462053,1,2005
246658,1,2005
680001,1,2005
617775,1,2005
670963,1,2005
269802,1,2005
477272,1,2005
16861,1,2005
280528,1,2005
423347,1,2005
228849,1,2005
59180,1,2005
275257,1,2005
227696,1,2005
571477,1,2005
377080,1,2005
55035,1,2005
374308,1,2005
119973,1,2005
156912,1,2005
520694,1,2005
607144,1,2005
54001,1,2005
347568,1,2005
179420,1,2005
375548,1,2005
536642,1,2005
125535,1,2005
457556,1,2005
226349,1,2005
77355,1,2005
257534,1,2005
34101,1,2005
265376,1,2005
462996,1,2005
689053,1,2005
661641,1,2005
176798,1,2005
292441,1,2005
297598,1,2005
614,1,2005
84857,1,2005
537068,1,2005
602702,1,2005
4056,1,2005
182314,1,2005
403580,1,2005
73781,1,2005
449767,1,2005
34612,1,2005
325250,1,2005
48719,1,2005
77612,1,2005
237542,1,2005
410130,1,2005
362301,1,2005
145154,1,2005
547892,1,2005
44203,1,2005
169547,1,2005
411511,1,2005
387583,1,2005
540535,1,2005
280481,1,2005
155071,1,2005
212328,1,2005
3798,1,2005
534405,1,2005
75057,1,2005
581768,1,2005
284110,1,2005
114132,1,2005
605603,1,2005
485123,1,2005
464783,1,2005
388007,1,2005
313973,1,2005
213779,1,2005
593108,1,2005
198287,1,2005
447930,1,2005
219669,1,2005
538256,1,2005
3460,1,2005
380656,1,2005
247464,1,2005
460907,1,2005
389564,1,2005
134939,1,2005
221070,1,2005
200466,1,2005
527684,1,2005
603258,1,2005
271390,1,2005
584110,1,2005
118150,1,2005
538281,1,2005
329479,1,2005
230931,1,2005
589546,1,2005
543536,1,2005
669610,1,2005
180587,1,2005
695071,1,2005
598181,1,2005
317585,1,2005
156706,1,2005
493435,1,2005
478065,1,2005
347185,1,2005
256450,1,2005
463763,1,2005
420151,1,2005
624089,1,2005
381862,1,2005
497647,1,2005
667142,1,2005
312872,1,2005
690767,1,2005
347763,1,2005
476333,1,2005
491559,1,2005
410192,1,2005
230714,1,2005
347475,1,2005
656212,1,2005
241529,1,2005
433661,1,2005
686638,1,2005
185061,1,2005
351131,1,2005
85481,1,2005
615358,1,2005
637620,1,2005
682678,1,2005
673970,1,2005
561439,1,2005
663432,1,2005
375540,1,2005
291158,1,2005
371491,1,2005
413305,1,2005
102700,1,2005
427850,1,2005
539906,1,2005
370927,1,2005
269189,1,2005
664555,1,2005
516168,1,2005
629351,1,2005
344289,1,2005
707461,1,2005
455069,1,2005
404365,1,2005
47935,1,2005
265241,1,2005
622517,1,2005
597015,1,2005
68476,1,2005
480178,1,2005
245312,1,2005
422557,1,2005
222176,1,2005
222960,1,2005
287949,1,2005
227729,1,2005
15714,1,2005
145932,1,2005
389106,1,2005
568883,1,2005
532025,1,2005
87639,1,2005
696586,1,2005
124575,1,2005
181591,1,2005
144779,1,2005
19694,1,2005
173656,1,2005
557912,1,2005
346002,1,2005
456581,1,2005
698656,1,2005
566494,1,2005
617723,1,2005
577345,1,2005
339352,1,2005
588020,1,2005
704351,1,2005
592900,1,2005
641778,1,2005
620240,1,2005
449045,1,2005
515860,1,2005
354848,1,2005
229338,1,2005
93966,1,2005
270781,1,2005
333716,1,2005
568818,1,2005
150472,1,2005
28669,1,2005
380739,1,2005
524234,1,2005
475635,1,2005
332789,1,2005
63415,1,2005
227401,1,2005
451405,1,2005
372581,1,2005
29902,1,2005
150163,1,2005
642867,1,2005
681426,1,2005
152973,1,2005
275221,1,2005
365678,1,2005
332104,1,2005
635582,1,2005
492701,1,2005
557852,1,2005
617485,1,2005
680580,1,2005
274558,1,2005
557197,1,2005
242060,1,2005
384803,1,2005
360082,1,2005
698575,1,2005
518785,1,2005
377165,1,2005
559818,1,2005
529458,1,2005
493678,1,2005
155912,1,2005
373369,1,2005
100817,1,2005
403961,1,2005
565888,1,2005
303393,1,2005
313691,1,2005
188941,1,2005
667148,1,2005
563508,1,2005
40053,1,2005
486933,1,2005
356965,1,2005
346038,1,2005
76558,1,2005
88759,1,2005
681301,1,2005
646020,1,2005
84082,1,2005
389336,1,2005
444242,1,2005
586507,1,2005
5160,1,2005
679319,1,2005
485105,1,2005
109486,1,2005
192146,1,2005
324290,1,2005
274886,1,2005
413137,1,2005
220570,1,2005
521598,1,2005
46199,1,2005
222891,1,2005
535785,1,2005
175673,1,2005
579312,1,2005
633474,1,2005
348752,1,2005
482564,1,2005
159299,1,2005
312419,1,2005
424311,1,2005
107118,1,2005
94310,1,2005
12303,1,2005
495710,1,2005
278748,1,2005
58565,1,2005
253519,1,2005
513677,1,2005
464542,1,2005
546490,1,2005
241793,1,2005
383959,1,2005
387319,1,2005
298313,1,2005
260925,1,2005
8632,1,2005
385421,1,2005
189832,1,2005
167133,1,2005
28421,1,2005
117793,1,2005
434411,1,2005
23287,1,2005
275758,1,2005
68887,1,2005
536890,1,2005
481592,1,2005
277509,1,2005
404478,1,2005
389546,1,2005
409256,1,2005
86411,1,2005
101081,1,2005
250632,1,2005
383888,1,2005
415136,1,2005
247776,1,2005
464840,1,2005
350414,1,2005
464284,1,2005
109632,1,2005
277441,1,2005
53371,1,2005
403431,1,2005
110515,1,2005
551756,1,2005
676918,1,2005
161208,1,2005
111053,1,2005
173149,1,2005
67447,1,2005
402079,1,2005
491947,1,2005
327564,1,2005
8260,1,2005
152619,1,2005
389089,1,2005
436806,1,2005
63841,1,2005
548188,1,2005
439884,1,2005
609048,1,2005
493019,1,2005
640900,1,2005
653711,1,2005
105554,1,2005
93770,1,2005
575499,1,2005
443478,1,2005
140992,1,2005
655254,1,2005
559711,1,2005
114673,1,2005
433226,1,2005
511848,1,2005
661456,1,2005
667537,1,2005
74828,1,2005
513978,1,2005
498476,1,2005
370878,1,2005
417386,1,2005
193656,1,2005
139721,1,2005
487785,1,2005
486067,1,2005
235424,1,2005
258300,1,2005
462995,1,2005
349751,1,2005
594448,1,2005
124859,1,2005
52936,1,2005
242672,1,2005
89182,1,2005
676977,1,2005
56991,1,2005
566779,1,2005
71484,1,2005
673260,1,2005
379632,1,2005
298405,1,2005
81936,1,2005
192069,1,2005
229299,1,2005
153143,1,2005
159004,1,2005
675660,1,2005
171118,1,2005
298934,1,2005
452625,1,2005
411603,1,2005
317185,1,2005
419535,1,2005
496298,1,2005
328087,1,2005
621979,1,2005
226931,1,2005
337308,1,2005
257744,1,2005
341230,1,2005
674782,1,2005
447676,1,2005
197287,1,2005
272189,1,2005
553535,1,2005
368606,1,2005
52655,1,2005
354054,1,2005
146130,1,2005
271523,1,2005
633531,1,2005
34808,1,2005
145186,1,2005
400275,1,2005
276086,1,2005
627937,1,2005
556898,1,2005
181546,1,2005
382025,1,2005
457846,1,2005
495559,1,2005
486391,1,2005
212068,1,2005
205392,1,2005
113860,1,2005
589220,1,2005
520898,1,2005
352613,1,2005
674026,1,2005
82638,1,2005
578585,1,2005
605530,1,2005
21901,1,2005
148667,1,2005
697781,1,2005
36326,1,2005
919,1,2005
169627,1,2005
244348,1,2005
367498,1,2005
475659,1,2005
365642,1,2005
317803,1,2005
484784,1,2005
177710,1,2005
167880,1,2005
321681,1,2005
191089,1,2005
611592,1,2005
175018,1,2005
606366,1,2005
338738,1,2005
17221,1,2005
550224,1,2005
438991,1,2005
9515,1,2005
46781,1,2005
